{
	"advertisements": ["Le nouveau MOSSER EFFECT vient de sortir !\nLa critique s'enflamme !", "Resident Evil RAINERO à moitié prix avant le 20\/03", "Une chute des ventes de SI3-Battlenet.\nProfitez vite de la promotion !"],
	"name": "MacroGamia",
	"link": "www.macrogamia.com",
	"shops": [{
		"image": "images\\nice_etoile.png",
		"mallname": "Nice Etoile",
		"address": "30 Avenue Jean Médecin",
		"city": "Nice",
		"name": "MacroGamia Nice",
		"description": "A nice on est super bien car il y a du soleil.",
		"department": "Alpes-Maritimes",
		"region": "Provence-Alpes Cote d'Azur",
		"city number": "06000"
	}, {
		"image": "images\\toulon_mayol.png",
		"mallname": "Mayol",
		"address": "Rue du Murier",
		"city": "Toulon",
		"name": "MacroGamia Toulon",
		"description": "Face au stade",
		"department": "Var",
		"region": "Provence-Alpes Cote d'Azur",
		"city number": "83000"
	}, {
		"image": "images\\paris_beaugrenelle.png",
		"mallname": "Beaugrenelle",
		"address": "Rue Marie Curie",
		"city": "Paris",
		"name": "MacroGamia Paris",
		"description": "",
		"department": "Paris",
		"region": "Ile de France",
		"city number": "75004"
	}, {
		"image": "images\\sophia_center.png",
		"mallname": "Agorazur",
		"address": "21 rue du marché",
		"city": "Sophia-Antipolis",
		"name": "MacroGamia - Sophia",
		"description": "Un magasin comme pas deux !",
		"department": "Alpes-Maritimes",
		"region": "Provence-Alpes-Côte d'Azur",
		"city number": "06410"
	}],
	"description": "Vendez nous vos jeux à petits prix, nous les revendrons mais hors de prix.",
	"logo": "images\\logoMin.png",
	"banner": "images\\logo.png",
	"products": [{
		"reference": "MOSKICKur4SS",
		"image": "images\\games\\mosserEffect.png",
		"price": 59.99,
		"name": "Mosser Effect",
		"flagship": true,
		"description": "Mosser Effect est un jeu vidéo de science-réelle de type action-fuite, réalisé par l'équipe de développement canadienne Polytech et écrit par l'auteur canadien Drew Karpyshyn2, qui est déjà à l'origine de nombreux jeux estampillés Polytech dont Jane-Au-Secours et PolyPoint Wars: Revendez les tous. Disponible sur Xbox  et sur Windows.",
		"promoted": false
	}, {
		"reference": "Pyatre4TheW",
		"image": "images\\games\\residentEvil.png",
		"price": 22.5,
		"name": "Resident Evil RAINERO",
		"flagship": false,
		"description": "Rainero City, paisible petite ville, de plus de 2 habitants, du Middle West des États-Déunis, dont la stabilité économique ne repose que sur la boulangerie Umbrella Corporation, est le théâtre d'étranges disparitions. Des dizaines de personnes sont enlevées et ne sont jamais retrouvées. Les efforts de la police restent vains. Cependant, des témoins affirment avoir vu des groupes d'hippies, certains affirment que les victimes auraient été droguées.",
		"promoted": true
	}, {
		"reference": "bealGates",
		"image": "images\\games\\beal.png",
		"price": 22.5,
		"name": "Boule & Beal",
		"flagship": false,
		"description": "L'histoire passionnante d'un beal et de son chien.",
		"promoted": true
	}, {
		"reference": "SIsisi",
		"image": "images\\games\\si3_battlenet.png",
		"price": 1010.01,
		"name": "SI3-Battlenet",
		"flagship": false,
		"description": "Une guerre sans merci pour obtenir le dernier cookie !",
		"promoted": false
	}, {
		"reference": "BasicProduct",
		"image": "images\\games\\smite.png",
		"price": 29.99,
		"name": "Smite",
		"flagship": false,
		"description": "Un produit ni phare, si soldé. Un classico del madrido.",
		"promoted": false
	}]
}